Protein1,Residue1,Protein2,Residue2
H3F3B,122,H3F3B,4
NP_778224.1,78,NP_066298.1,80
NP_005337.2,319,NP_001030335.1,21
NP_619790.1,109,H3F3B,4
NP_005337.2,56,NP_005337.2,257
NP_005989.3,78,NP_001753.1,530
H3F3B,122,NP_066298.1,19
NP_004037.1,161,NP_004037.1,261
NP_006708.2,104,NP_006708.2,44
NP_001245275.1,190,NP_066298.1,80
NP_619790.1,109,NP_066298.1,80
NP_079184.2,442,NP_079184.2,10
NP_006422.1,522,NP_006421.2,21
NP_778224.1,32,H3F3B,4
NP_778224.1,32,H3F3B,9
NP_001287750.1,343,NP_001287750.1,365
NP_079184.2,20,NP_079184.2,10
H3F3B,56,NP_066298.1,19
NP_005337.2,319,NP_005337.2,325
NP_001017963.2,565,NP_001017963.2,737
NP_006588.1,56,NP_006588.1,257
NP_005337.2,539,NP_005337.2,451
H3F3B,56,H3F3B,4
H3F3B,56,NP_066408.1,76
NP_060252.4,362,NP_079184.2,10
NP_001019770.1,35,HIST2H2AA3,36
NP_003283.2,1637,NP_003283.2,1648
NP_001460.1,461,NP_001460.1,468
NP_778224.1,32,NP_057311.3,1365
NP_778224.1,32,NP_116264.2,10
H3F3B,56,NP_004637.1,600
NP_079057.2,459,NP_778224.1,32
NP_003137.1,325,NP_003137.1,319
NP_005989.3,222,NP_005989.3,381
NP_003515.1,58,H3F3B,64
NP_006576.2,62,NP_006576.2,318
NP_619790.1,109,NP_001245275.1,190
NP_001290043.1,166,NP_001290043.1,182
NP_778224.1,60,NP_003503.1,96
NP_055745.1,573,NP_001019770.1,35
NP_005337.2,451,NP_079184.2,10
NP_079184.2,442,H3F3B,4
NP_001019770.1,35,NP_003515.1,86
NP_079184.2,442,H3F3B,9
NP_079184.2,442,NP_066298.1,19
H3F3B,56,NP_066298.1,24
NP_079184.2,442,HIST1H2BN,120
NP_079184.2,442,NP_542160.1,121
NP_006704.3,68,NP_006704.3,53
NP_001753.1,280,NP_001753.1,273
NP_066298.1,80,NP_778224.1,13
NP_079184.2,295,NP_079184.2,582
NP_006422.1,120,NP_006421.2,29
NP_778224.1,80,NP_778224.1,78
NP_619790.1,109,NP_778224.1,13
NP_006576.2,400,NP_001753.1,199
NP_778224.1,92,NP_003515.1,86
NP_778224.1,92,NP_001019770.1,35
NP_778224.1,92,HIST2H2AA3,36
NP_005337.2,100,NP_005337.2,77
NP_001460.1,605,NP_001460.1,591
NP_619790.1,109,H3F3B,56
NP_001627.2,43,NP_066298.1,80
NP_002903.3,1158,H3F3B,4
NP_079184.2,531,NP_079184.2,582
NP_004957.1,299,NP_004957.1,87
NP_001275582.1,1330,NP_001275582.1,1351
NP_001363.2,829,H3F3B,4
NP_001252526.1,276,NP_001019770.1,35
H3F3B,56,NP_001158067.1,912
NP_778224.1,45,NP_060896.1,611
NP_778224.1,32,NP_940971.1,1123
NP_778224.1,32,NP_066298.1,19
NP_001036068.1,960,NP_060411.2,110
NP_005989.3,203,NP_005989.3,381
NP_001627.2,43,NP_619790.1,109
NP_001231821.1,10,NP_060017.1,84
NP_003515.1,58,NP_056197.3,491
NP_006421.2,55,NP_110379.2,126
NP_778224.1,32,NP_079184.2,10
NP_778224.1,32,NP_778224.1,13
H3F3B,122,H3F3B,9
NP_001243100.1,585,NP_778224.1,32
NP_079184.2,531,NP_079184.2,442
H3F3B,64,NP_001137458.1,41
NP_001077430.1,678,H3F3B,64
H3F3B,56,NP_066408.1,75
NP_066406.1,35,HIST2H2AA3,36
NP_056197.3,491,H3F3B,64
NP_001186224.1,420,H3F3B,64
NP_001243359.1,475,NP_001019770.1,35
NP_003515.1,86,HIST2H2AA3,36
NP_056141.2,921,H3F3B,4
NP_006588.1,187,NP_006588.1,512
NP_619790.1,109,NP_002903.3,1158
